"Date","HomeTeam","AwayTeam","FTR_Actual","FTHG_pred","FTAG_pred","FTHG_Actual","FTAG_Actual","FTR_pred","GD_pred","GD_Actual","HomeWin","Draw","AwayWin","HomeWin_Odds","Draw_Odds","AwayWin_Odds"
2022-07-30,"Hearts","Ross County","H",2,1,2,1,"H",1,1,0.426015984719306,0.286750112639849,0.299827295984963,2.34732976195455,3.48735695618008,3.33525337216179
2022-07-30,"Kilmarnock","Dundee United","D",2,1,1,1,"H",1,0,0.419103750995387,0.257489774762807,0.326126531847624,2.38604402281049,3.883649364023,3.06629452787739
2022-07-30,"Livingston","Rangers","A",1,2,1,2,"A",-1,-1,0.312383556019828,0.31947931251715,0.3430769663193,3.20119283083046,3.1300931259714,2.91479783888874
2022-07-30,"St Johnstone","Hibernian","A",0,1,0,1,"A",-1,-1,0.266900418537358,0.453837370453906,0.272510331848297,3.7467157431978,2.2034324740597,3.66958563815733
2022-07-31,"Celtic","Aberdeen","H",3,1,2,0,"H",2,2,0.477178881417037,0.305624413845145,0.255249135988104,2.09565016169699,3.27198991539558,3.91774097933324
2022-07-31,"St Mirren","Motherwell","A",1,1,0,1,"D",0,-1,0.385583296730259,0.323243698323008,0.295683713769264,2.59347333891272,3.09364112955028,3.38199215388761
2022-08-06,"Aberdeen","St Mirren","H",4,1,4,1,"H",3,3,0.501546997367584,0.284789535439725,0.261757672028715,1.99383109708281,3.51136497503662,3.82032737474186
2022-08-06,"Motherwell","St Johnstone","A",1,1,1,2,"D",0,-1,0.363162286925473,0.311715511227162,0.319278865983273,2.7535898852989,3.20805338195459,3.1320582304135
2022-08-06,"Rangers","Kilmarnock","H",2,0,2,0,"H",2,2,0.422295023101155,0.431274052302011,0.175928383053611,2.36801275245071,2.31871125717465,5.68413113701651
2022-08-06,"Ross County","Celtic","A",1,2,1,3,"A",-1,-2,0.315983910476152,0.3060358296043,0.348184939282269,3.16471809749146,3.26759125326269,2.87203691825772
2022-08-07,"Dundee United","Livingston","A",1,1,0,1,"D",0,-1,0.358235587317216,0.306455035321318,0.326125152484885,2.79145912746659,3.26312145255339,3.06630749692435
2022-08-07,"Hibernian","Hearts","D",1,1,1,1,"D",0,0,0.375930214018549,0.288503670803614,0.328339553559862,2.66006817943784,3.46616040348654,3.04562758022293
2022-08-13,"Aberdeen","Motherwell","A",1,1,2,3,"D",0,-1,0.38276161690207,0.305806157572672,0.311417805482349,2.6125921613918,3.27004533831978,3.21112018129831
2022-08-13,"Livingston","Hibernian","H",1,1,2,1,"D",0,1,0.414318102956083,0.277687320428226,0.313865514687058,2.41360440894372,3.60117270913877,3.1860779639874
2022-08-13,"Rangers","St Johnstone","H",3,0,4,0,"H",3,4,0.468261127914025,0.333357638994853,0.235628352925437,2.13556056735849,2.99978126499582,4.24397143885499
2022-08-13,"St Mirren","Ross County","H",1,1,1,0,"D",0,1,0.328689676962674,0.411803006003003,0.261548406811004,3.04238334845411,2.42834555703245,3.82338402360296
2022-08-14,"Hearts","Dundee United","H",7,1,4,1,"H",6,3,0.536750935983653,0.253518321824423,0.274999313436411,1.8630614926966,3.94448808592446,3.6363727149131
2022-08-14,"Kilmarnock","Celtic","A",1,4,0,5,"A",-3,-5,0.359885348583914,0.241116265585309,0.354529445522209,2.77866271559769,4.14737677515244,2.82064018272738
2022-08-20,"Dundee United","St Mirren","A",1,1,0,3,"D",0,-3,0.368901181092607,0.287079545535316,0.333252917919228,2.71075304513315,3.48335510332269,3.00072391336832
2022-08-20,"Hibernian","Rangers","D",1,1,2,2,"D",0,0,0.385307332363484,0.299928220962131,0.314346293794217,2.59533083335315,3.33413106906756,3.1812049950703
2022-08-20,"Motherwell","Livingston","H",1,1,1,0,"D",0,1,0.36139487828595,0.345061613435771,0.294225627487726,2.7670563698713,2.89803316585413,3.39875220434942
2022-08-20,"Ross County","Kilmarnock","H",2,1,1,0,"H",1,1,0.426422991707347,0.301395439438235,0.28757052200481,2.34508931142789,3.31790023718966,3.47740788252029
2022-08-20,"St Johnstone","Aberdeen","A",1,1,0,1,"D",0,-1,0.29045120190334,0.401544875454055,0.298521361344028,3.44291913218798,2.49038167619305,3.34984402957871
2022-08-21,"Celtic","Hearts","H",3,0,2,0,"H",3,2,0.470230131723043,0.349137418825677,0.220552219862594,2.12661829291063,2.8642017328406,4.53407361133344
2022-08-27,"Aberdeen","Livingston","H",2,1,5,0,"H",1,5,0.429618996011777,0.29465157252687,0.291226837245466,2.3276438176225,3.39383900592897,3.43374947672536
2022-08-27,"Kilmarnock","Motherwell","H",1,2,2,1,"A",-1,1,0.388108947148509,0.25442874564194,0.343427094818722,2.57659610103591,3.93037350192854,2.91182616365156
2022-08-27,"Rangers","Ross County","H",6,0,4,0,"H",6,4,0.533396198385272,0.340169854287358,0.199947615102523,1.87477901609959,2.93970787651057,5.00130996554899
2022-08-27,"St Mirren","Hibernian","H",1,1,1,0,"D",0,1,0.309279980637971,0.413099786319762,0.275020533586738,3.23331629139797,2.4207226271135,3.63609213813344
2022-08-28,"Dundee United","Celtic","A",1,4,0,9,"A",-3,-9,0.312320709756006,0.280377611599003,0.354391388589315,3.20183698603026,3.56661858376269,2.82173899309627
2022-08-28,"Hearts","St Johnstone","H",2,1,3,2,"H",1,1,0.46178230419153,0.225067712391056,0.328045703234564,2.16552256533684,4.44310731813232,3.04835573256988
2022-09-03,"Celtic","Rangers","H",2,1,4,0,"H",1,4,0.434544599802461,0.299002599457352,0.284668058092937,2.30125975666155,3.34445252922503,3.51286339148568
2022-09-03,"Hibernian","Kilmarnock","H",2,0,1,0,"H",2,1,0.456350386298538,0.335808504065964,0.240123434475438,2.19129868194264,2.97788765886515,4.16452480860334
2022-09-03,"Livingston","Hearts","H",2,1,1,0,"H",1,1,0.426307025239574,0.325881378958156,0.266920537107434,2.34572723599388,3.06860122906379,3.74643334243519
2022-09-03,"Motherwell","Dundee United","D",1,1,0,0,"D",0,0,0.412534373731985,0.289637655436939,0.305604777831569,2.42404042832484,3.45258974870318,3.27220015045426
2022-09-03,"Ross County","Aberdeen","D",1,1,1,1,"D",0,0,0.359267986606898,0.317610917373918,0.317322806271445,2.78343753765674,3.14850638091485,3.15136504605527
2022-09-03,"St Johnstone","St Mirren","H",1,1,3,0,"D",0,3,0.371967172631432,0.349623556951821,0.283102537830823,2.6884092833398,2.86021917035128,3.532289069756
2022-09-17,"Hibernian","Aberdeen","H",2,1,3,1,"H",1,2,0.441293317565498,0.329263075922947,0.254736252155639,2.26606649182168,3.03708515507526,3.92562892614522
2022-09-17,"Livingston","Kilmarnock","H",1,0,1,0,"H",1,1,0.329008545773685,0.428763416795172,0.246541628791014,3.03943472850663,2.33228853215739,4.05611013808816
2022-09-17,"Rangers","Dundee United","H",2,1,2,1,"H",1,1,0.442984733957327,0.291067060025706,0.286349506718273,2.25741413494473,3.43563438580677,3.49223580463107
2022-09-17,"St Johnstone","Ross County","D",1,1,0,0,"D",0,0,0.289242143657218,0.448823264648644,0.259614827788481,3.45731084466413,2.22804849651196,3.85186011337819
2022-09-18,"Motherwell","Hearts","A",1,2,0,3,"A",-1,-3,0.40637558105918,0.230337338406451,0.348170805323187,2.4607777794955,4.34145851870273,2.87215350830969
2022-09-18,"St Mirren","Celtic","H",1,1,2,0,"D",0,2,0.283731749073865,0.369429178805094,0.327609898133817,3.52445576945168,2.70687876695194,3.05241082670687
2022-10-01,"Aberdeen","Kilmarnock","H",3,1,4,1,"H",2,3,0.47144103171464,0.303172555064364,0.260343024479536,2.12115605712761,3.2984516022161,3.84108620539823
2022-10-01,"Celtic","Motherwell","H",2,1,2,1,"H",1,1,0.440680172602488,0.324994538480895,0.258813662349691,2.2692194071142,3.07697478448176,3.86378366165565
2022-10-01,"Dundee United","St Johnstone","A",1,1,1,2,"D",0,-1,0.40988077652546,0.268025989939171,0.323603328831713,2.4397338379149,3.73098146275648,3.0902030693264
2022-10-01,"Hearts","Rangers","A",1,2,0,4,"A",-1,-4,0.327350452433163,0.298653676044416,0.347011472157073,3.05483005313449,3.34835992392499,2.88174910697867
2022-10-01,"Ross County","Hibernian","A",1,2,0,2,"A",-1,-2,0.331030512198242,0.287807854481203,0.350284183322346,3.02086956685473,3.4745403380411,2.85482487537772
2022-10-01,"St Mirren","Livingston","H",1,1,2,1,"D",0,1,0.347697744669638,0.354456777605312,0.296056704559773,2.87606122078859,2.82121844800355,3.37773130822006
2022-10-04,"Ross County","Motherwell","A",1,2,0,5,"A",-1,-5,0.320188006232825,0.300665789341538,0.348914970975242,3.12316507968399,3.32595205523719,2.86602778093737
2022-10-05,"Kilmarnock","St Johnstone","H",1,1,2,1,"D",0,1,0.373754710524064,0.281630551527487,0.334177580863396,2.67555156321064,3.55075113327114,2.99242096796666
2022-10-08,"Dundee United","Aberdeen","H",2,1,4,0,"H",1,4,0.45363793471239,0.296787656338578,0.275480447608763,2.20440118314622,3.36941236821249,3.63002169003369
2022-10-08,"Hibernian","Motherwell","H",1,1,1,0,"D",0,1,0.41694451819113,0.32339901969604,0.274996631593045,2.39840064174101,3.09215532236273,3.63640817782762
2022-10-08,"Livingston","Ross County","A",1,1,0,1,"D",0,-1,0.359037166819458,0.375483655143694,0.270372545199589,2.78522696928157,2.6632317713465,3.69860038585575
2022-10-08,"Rangers","St Mirren","H",3,1,4,0,"H",2,4,0.471307589194388,0.290224105307985,0.271545323208219,2.12175662545412,3.44561317172053,3.68262648822424
2022-10-08,"St Johnstone","Celtic","A",1,1,1,2,"D",0,-1,0.300362293493705,0.359284253016611,0.324302986924351,3.32931270556089,2.78331151895423,3.08353620015614
2022-10-09,"Kilmarnock","Hearts","D",2,2,2,2,"D",0,0,0.431515011373519,0.229009311091489,0.33889332999136,2.31741648295614,4.36663468063313,2.95078100246321
2022-10-11,"Dundee United","Hibernian","H",1,2,1,0,"A",-1,1,0.304211579461302,0.33013415369578,0.341149958109105,3.28718585193502,3.02907163286566,2.93126226819053
2022-10-15,"Celtic","Hibernian","H",3,1,6,1,"H",2,5,0.473088742003625,0.237436295745358,0.313835120028391,2.11376832973197,4.21165600171114,3.18638653286967
2022-10-15,"Livingston","St Johnstone","H",1,1,1,0,"D",0,1,0.381932431705802,0.304764009953012,0.312746379107958,2.61826416660601,3.2812273344027,3.19747906547243
2022-10-15,"Ross County","Dundee United","D",1,1,1,1,"D",0,0,0.322501419520283,0.364187555965081,0.305775337182092,3.10076154544525,2.74583791681197,3.27037494003151
2022-10-15,"St Mirren","Kilmarnock","D",1,1,0,0,"D",0,0,0.352532534831613,0.366212048687816,0.282905868440914,2.83661762020816,2.73065838107491,3.53474463259094
2022-10-16,"Aberdeen","Hearts","H",2,1,2,0,"H",1,2,0.426510507094734,0.28317655364827,0.302409967931714,2.34460812422116,3.53136581089297,3.30676930671084
2022-10-16,"Motherwell","Rangers","A",1,2,1,2,"A",-1,-1,0.317623423229895,0.313386454691397,0.343878778680982,3.14838241408979,3.19094838028254,2.90800148772107
2022-10-21,"Hibernian","St Johnstone","A",2,1,1,2,"H",1,-1,0.435026580963561,0.235894250683699,0.332948300248642,2.29871011050647,4.2391876745689,3.00346930515401
2022-10-22,"Hearts","Celtic","A",2,2,3,4,"D",0,-1,0.448279785175129,0.210620520930227,0.342748164907868,2.23074970826385,4.74787544719478,2.91759403079169
2022-10-22,"Kilmarnock","Ross County","H",2,1,1,0,"H",1,1,0.438942843542882,0.257517023497726,0.31550070323009,2.27820094281206,3.88323842213418,3.16956504299996
2022-10-22,"Motherwell","Aberdeen","A",1,1,1,2,"D",0,-1,0.400728499040254,0.287204942198055,0.314635507012973,2.49545515828049,3.4818342342814,3.17828082880286
2022-10-22,"Rangers","Livingston","D",1,0,1,1,"H",1,0,0.391008360705132,0.395110671400594,0.230198617549805,2.55749007053617,2.53093644991968,4.34407474138563
2022-10-22,"St Mirren","Dundee United","H",1,1,2,1,"D",0,1,0.317162291235749,0.394712982660691,0.284676748931002,3.15295994395719,2.53348646720251,3.51275614799989
2022-10-29,"Dundee United","Motherwell","A",1,1,0,1,"D",0,-1,0.344909580000395,0.342276857071156,0.307740760336865,2.89931059612451,2.92161149473249,3.2494882995199
2022-10-29,"Hibernian","St Mirren","H",1,1,3,0,"D",0,3,0.401431750774595,0.300937023181964,0.303465611849553,2.49108347326892,3.32295438237037,3.29526628702748
2022-10-29,"Rangers","Aberdeen","H",4,0,4,1,"H",4,3,0.493346443497696,0.347117211901265,0.210546782832303,2.02697316090953,2.8808712611014,4.74953825723607
2022-10-29,"St Johnstone","Kilmarnock","H",1,0,1,0,"H",1,1,0.319786134388767,0.43033589737248,0.252207781331169,3.12708992812143,2.32376616988204,3.96498472300076
2022-10-30,"Livingston","Celtic","A",1,2,0,3,"A",-1,-3,0.314730504647414,0.309989844561543,0.34687413845815,3.17732150278944,3.22591213081327,2.8828900431868
2022-10-30,"Ross County","Hearts","A",2,1,1,2,"H",1,-1,0.434190312388086,0.237690452949069,0.332151608889343,2.30313752165475,4.20715257004568,3.01067335890326
2022-11-04,"Aberdeen","Hibernian","H",2,1,4,1,"H",1,3,0.427143646703335,0.242538855128045,0.332314233363671,2.34113279623361,4.12305071478987,3.00920002696858
2022-11-04,"Kilmarnock","Livingston","A",1,1,2,3,"D",0,-1,0.405812006815134,0.269750766290939,0.324629069110456,2.46419520173425,3.70712570625825,3.08043886131389
2022-11-05,"Celtic","Dundee United","H",4,1,4,2,"H",3,2,0.489628572779424,0.295982629358808,0.257498147801871,2.04236446889405,3.37857664879293,3.88352307982207
2022-11-05,"Ross County","St Mirren","H",1,1,3,2,"D",0,1,0.388780618519596,0.267979702606342,0.335053093868626,2.57214468099725,3.7316259040297,2.98460159986494
2022-11-06,"Hearts","Motherwell","H",2,1,3,2,"H",1,1,0.454431310333859,0.246976817621415,0.31551071393944,2.20055259675071,4.0489630145485,3.1694644771776
2022-11-06,"St Johnstone","Rangers","H",1,1,2,1,"D",0,1,0.303858457098147,0.364944830709052,0.317863395448613,3.29100598202865,2.7401401961417,3.14600553042184
2022-11-08,"Hibernian","Ross County","A",1,1,0,2,"D",0,-2,0.406244168643547,0.304376918287604,0.297663841666033,2.46157379523504,3.2854002387103,3.35949436922863
2022-11-08,"Livingston","Aberdeen","H",1,2,2,1,"A",-1,1,0.365155020284976,0.268103048511233,0.34613415827632,2.73856292382226,3.72990909858341,2.88905320694093
2022-11-09,"Dundee United","Kilmarnock","H",2,0,4,0,"H",2,4,0.432998228557505,0.350498642957172,0.24127513672658,2.30947827045716,2.85307809343556,4.14464587427932
2022-11-09,"Motherwell","Celtic","A",1,1,1,2,"D",0,-1,0.316123001668271,0.338531128860757,0.329125755204649,3.16332565084703,2.95393810124715,3.03835231423383
2022-11-09,"Rangers","Hearts","H",2,0,1,0,"H",2,1,0.446584906442203,0.367179709407129,0.21806688728316,2.23921584803812,2.72346203883287,4.5857489528041
2022-11-09,"St Mirren","St Johnstone","D",1,1,2,2,"D",0,0,0.372704540430082,0.338802866721672,0.291594919781667,2.68309046851442,2.95156888628544,3.42941502804217
2022-11-12,"Aberdeen","Dundee United","H",1,1,1,0,"D",0,1,0.368428386603852,0.381202592178045,0.258652939751012,2.71423168344311,2.62327701993416,3.8661845520203
2022-11-12,"Celtic","Ross County","H",2,0,2,1,"H",2,1,0.454075904879737,0.327084837221814,0.249088153524725,2.20227497044762,3.05731078362964,4.01464295210145
2022-11-12,"Hearts","Livingston","D",2,2,1,1,"D",0,0,0.429865588545925,0.232328803138386,0.337596910580234,2.32630856399235,4.30424461578426,2.96211241471755
2022-11-12,"Kilmarnock","Hibernian","H",1,1,1,0,"D",0,1,0.332600211746085,0.370365414937978,0.293687473583094,3.00661263788799,2.70003612558549,3.4049800892072
2022-11-12,"St Johnstone","Motherwell","D",1,1,1,1,"D",0,0,0.313652706432414,0.372853325862822,0.305057787374767,3.18823966601252,2.68201979340239,3.27806743963395
2022-11-12,"St Mirren","Rangers","D",1,1,1,1,"D",0,0,0.304317905627251,0.344467749905565,0.332158023989846,3.28603733631391,2.90302938453352,3.01061521256692
2022-12-15,"Rangers","Hibernian","H",3,1,3,2,"H",2,1,0.46895022686245,0.248342774314066,0.307306997631719,2.13242246771173,4.02669255331485,3.25407494039044
2022-12-17,"Aberdeen","Celtic","A",1,3,0,1,"A",-2,-1,0.288330417295032,0.319069974371476,0.352423563164967,3.46824316831185,3.13410875457605,2.83749472089613
2022-12-17,"Hearts","Kilmarnock","H",2,1,3,1,"H",1,2,0.434365337296781,0.264458418247931,0.312665768977399,2.30220948619744,3.78131279248027,3.19830342563751
2022-12-17,"Ross County","St Johnstone","A",1,2,1,2,"A",-1,-1,0.340903706551098,0.282500791080791,0.348984190459095,2.93337966347429,3.53981309636055,2.86545931689479
2022-12-20,"Aberdeen","Rangers","A",1,2,2,3,"A",-1,-1,0.336502790751681,0.284438421323097,0.349748231538484,2.97174355602281,3.51569944506227,2.85919958937653
2022-12-21,"Celtic","Livingston","H",3,1,2,1,"H",2,1,0.480721847595425,0.304305229439681,0.254605796969625,2.08020501876919,3.28617422001359,3.92764034402289
2022-12-23,"Motherwell","Kilmarnock","D",1,1,2,2,"D",0,0,0.37464333468072,0.342300282884959,0.287367201583708,2.66920536795943,2.92141155003393,3.47986824692903
2022-12-23,"Ross County","Rangers","A",1,3,0,1,"A",-2,-1,0.290864842510057,0.316262923385115,0.352578571876066,3.43802293659958,3.1619261255683,2.83624723612389
2022-12-24,"Celtic","St Johnstone","H",4,1,4,1,"H",3,3,0.489269652607567,0.270288121831753,0.279676460782688,2.04386271388485,3.69975562826424,3.57556012115376
2022-12-24,"Dundee United","Hearts","D",1,1,2,2,"D",0,0,0.415502716477055,0.275873017511016,0.314565214004896,2.40672313403569,3.62485613497909,3.17899105011795
2022-12-24,"Hibernian","Livingston","H",3,1,4,0,"H",2,4,0.47801061633919,0.24441903797332,0.306122629494995,2.09200374598043,4.09133432604851,3.26666474036787
2022-12-24,"St Mirren","Aberdeen","H",1,1,3,1,"D",0,2,0.364064815097291,0.318304428378198,0.313725486349385,2.74676364902982,3.14164652089551,3.18750003908301
2022-12-28,"Dundee United","Ross County","H",2,1,3,0,"H",1,3,0.431102612866107,0.325687472769731,0.264085461574806,2.31963335446214,3.0704281976084,3.78665297982235
2022-12-28,"Hibernian","Celtic","A",1,1,0,4,"D",0,-4,0.301288600944709,0.344819868717866,0.333697244371505,3.31907678174494,2.90006490553538,2.99672837240064
2022-12-28,"Kilmarnock","Aberdeen","H",1,1,2,1,"D",0,1,0.416538119526393,0.311747882036519,0.285077056622443,2.40074066003133,3.20772026891544,3.50782350515287
2022-12-28,"Livingston","St Mirren","D",1,1,1,1,"D",0,0,0.372593276687946,0.301342154683929,0.321124718186999,2.68389169254259,3.31848692410419,3.11405489320718
2022-12-28,"Rangers","Motherwell","H",4,0,3,0,"H",4,3,0.49093603261658,0.301607878563316,0.251984580382287,2.03692524802105,3.31556325638249,3.96849679644244
2022-12-28,"St Johnstone","Hearts","A",1,1,2,3,"D",0,-1,0.333060113940305,0.369592091231276,0.293994550918634,3.00246099170924,2.70568560238547,3.40142358719009
2023-01-02,"Aberdeen","Ross County","D",2,0,0,0,"H",2,0,0.41959745689509,0.35093777624794,0.24950986717292,2.38323656058294,2.84950799737641,4.00785753016717
2023-01-02,"Hearts","Hibernian","H",2,1,3,0,"H",1,3,0.42976339272984,0.256473482672337,0.32117924890431,2.32686174978292,3.89903856562657,3.11352618019831
2023-01-02,"Kilmarnock","St Mirren","D",1,1,0,0,"D",0,0,0.388545012196417,0.345590947340551,0.275034206591902,2.57370438072818,2.89359431343722,3.63591137404886
2023-01-02,"Livingston","Motherwell","D",1,1,1,1,"D",0,0,0.412785093709101,0.252799717626192,0.332633556752688,2.42256809957562,3.95570062098991,3.0063112385967
2023-01-02,"Rangers","Celtic","D",1,1,2,2,"D",0,0,0.413634536211775,0.320775345850489,0.279345447451453,2.41759309838677,3.11744656481827,3.57979701879262
2023-01-02,"St Johnstone","Dundee United","A",1,1,0,1,"D",0,-1,0.30509542179158,0.421222410437078,0.271248814190733,3.27766308038254,2.37404272712451,3.68665206144214
2023-01-07,"Aberdeen","St Johnstone","H",2,1,2,0,"H",1,2,0.442086836920235,0.321658014481691,0.260856394796241,2.26199903839351,3.10889191308156,3.8335268751265
2023-01-07,"Celtic","Kilmarnock","H",5,0,2,0,"H",5,2,0.515074582431706,0.372008279155244,0.1783472888122,1.94146640915365,2.6881122169399,5.60703785664498
2023-01-07,"Ross County","Livingston","A",1,2,0,2,"A",-1,-2,0.354387791318698,0.287869198447392,0.340373894397259,2.82176763561448,3.47379992508212,2.93794564289609
2023-01-07,"St Mirren","Hearts","D",1,1,1,1,"D",0,0,0.394852748817465,0.300054933778532,0.308290227332718,2.53258968816825,3.33272306976325,3.24369672257163
2023-01-08,"Dundee United","Rangers","A",1,4,0,2,"A",-3,-2,0.284094688626631,0.307883230834959,0.354553711477282,3.5199531706636,3.24798462484646,2.82044713573411
2023-01-08,"Motherwell","Hibernian","A",1,1,2,3,"D",0,-1,0.358268432882228,0.291241403006511,0.336326780293377,2.79120321027202,3.4335777457357,2.97329876356472
2023-01-13,"Hearts","St Mirren","H",1,1,1,0,"D",0,1,0.407990929773896,0.277853800488326,0.317425817956636,2.45103488098176,3.59901501524366,3.15034235853056
2023-01-14,"Hibernian","Dundee United","D",2,1,2,2,"H",1,0,0.435289557282676,0.281222970648473,0.29887750474057,2.29732136521392,3.55589729279261,3.34585234465208
2023-01-14,"Motherwell","Ross County","D",1,1,1,1,"D",0,0,0.373594758501787,0.279173990889693,0.335840658764454,2.6766970821814,3.58199557492131,2.97760254425109
2023-01-14,"St Johnstone","Livingston","A",1,1,2,4,"D",0,-2,0.375695903608272,0.292986491252063,0.325318918993976,2.66172718519357,3.41312664528166,3.07390668545323
2023-01-18,"Celtic","St Mirren","H",2,1,4,0,"H",1,4,0.446517903242981,0.296423136536241,0.279826947739974,2.23955185836263,3.37355582862116,3.57363723571483
2023-01-18,"Hearts","Aberdeen","H",2,1,5,0,"H",1,5,0.460418758561166,0.302837127553728,0.266548371105692,2.1719358332077,3.30210502284791,3.75166426961011
2023-01-18,"Kilmarnock","Rangers","A",1,3,2,3,"A",-2,-1,0.397202286102003,0.225080426309903,0.352696538936877,2.51760887333663,4.44285634426135,2.83529859128834
2023-01-28,"Hibernian","Aberdeen","H",2,0,6,0,"H",2,6,0.45983965806551,0.340959603522677,0.233585203497385,2.17467106731698,2.93289876474616,4.28109308735044
2023-01-28,"Rangers","St Johnstone","H",4,0,2,0,"H",4,2,0.500642624382038,0.31692317803679,0.234043285817835,1.99743280195996,3.15533879912032,4.27271389779727
2023-01-28,"Ross County","Kilmarnock","H",2,1,3,0,"H",1,3,0.429593287248775,0.278710494296623,0.304182056021388,2.32778311412698,3.58795244694206,3.2875049011099
2023-01-28,"St Mirren","Motherwell","H",1,1,1,0,"D",0,1,0.314825304838664,0.38785033433714,0.292078159764246,3.17636474778437,2.57831413684111,3.42374110000953
2023-01-29,"Dundee United","Celtic","A",1,2,0,2,"A",-1,-2,0.314249682191988,0.301721610240291,0.350568750171425,3.18218301137074,3.3143134799115,2.85250753100785
2023-01-29,"Livingston","Hearts","D",1,1,0,0,"D",0,0,0.395810904535648,0.267768711952885,0.33148542495903,2.52645894426068,3.73456627067002,3.01672388800683
2023-01-31,"Ross County","Hibernian","D",1,1,1,1,"D",0,0,0.336574846465,0.3184944065956,0.330635113732388,2.97110734953269,3.13977256520465,3.02448215106816
2023-02-01,"Aberdeen","St Mirren","A",1,1,1,3,"D",0,-2,0.380857959610381,0.304566278729769,0.313574389155417,2.62565078336029,3.28335758039472,3.18903594994925
2023-02-01,"Celtic","Livingston","H",2,0,3,0,"H",2,3,0.43144471915381,0.386898441093901,0.209920588726263,2.31779404314252,2.58465760981782,4.76370615225363
2023-02-01,"Hearts","Rangers","A",1,3,0,3,"A",-2,-3,0.356472581537649,0.258484118169232,0.352730241198713,2.80526484165062,3.86870964097412,2.83502768745207
2023-02-01,"Kilmarnock","Dundee United","H",1,1,1,0,"D",0,1,0.408961610332421,0.292080690104853,0.305843570464245,2.4452172887014,3.423711439606,3.26964532385652
2023-02-01,"Motherwell","St Johnstone","A",1,1,0,2,"D",0,-2,0.343744865625088,0.309266729206465,0.332679111503459,2.90913436097885,3.23345483222802,3.00589957536184
2023-02-04,"Aberdeen","Motherwell","H",2,1,3,1,"H",1,2,0.430924435994031,0.325495545028139,0.26436165185785,2.32059246696758,3.07223866893032,3.78269689636267
2023-02-04,"Hearts","Dundee United","H",2,1,3,1,"H",1,2,0.439423803569873,0.308647130630029,0.273616717760311,2.27570739654068,3.23994588240215,3.65474744447451
2023-02-04,"Livingston","Kilmarnock","H",2,1,3,1,"H",1,2,0.439576597871711,0.299916271631232,0.280919294534277,2.27491637371434,3.33426390826027,3.55974124759872
2023-02-04,"Rangers","Ross County","H",3,1,2,1,"H",2,1,0.474313941119036,0.307260725069486,0.255299569407744,2.1083082602226,3.25456499451354,3.91696704510645
2023-02-04,"St Mirren","Hibernian","A",1,1,0,1,"D",0,-1,0.330469976303548,0.353069741541366,0.309059458953137,3.02599349927469,2.83230161733596,3.23562334376451
2023-02-05,"St Johnstone","Celtic","A",0,1,1,4,"A",-1,-3,0.271254636216579,0.37677907954226,0.330255873288588,3.68657293363851,2.65407517109197,3.02795523374741
2023-02-15,"Motherwell","St Mirren","H",1,1,2,1,"D",0,1,0.403589085679508,0.256355475568275,0.334955519501619,2.47776769858961,3.90083339465737,2.9854710305652
2023-02-18,"Celtic","Aberdeen","H",4,0,4,0,"H",4,4,0.493255227881019,0.367070989787396,0.192646269118275,2.02734800053902,2.72426867778135,5.19086097320707
2023-02-18,"Dundee United","St Johnstone","A",1,1,1,2,"D",0,-1,0.373558309815061,0.282346589619267,0.333817062711476,2.67695825183242,3.54174633859917,2.99565274428263
2023-02-18,"Hibernian","Kilmarnock","H",3,1,2,0,"H",2,2,0.486802879424766,0.275145002417076,0.27671952488977,2.05421956661731,3.6344472595005,3.61376740726317
2023-02-18,"Livingston","Rangers","A",1,2,0,3,"A",-1,-3,0.281598781027473,0.333781428032995,0.349362594004736,3.55115173564065,2.99597256172427,2.86235566474654
2023-02-18,"St Mirren","Ross County","H",1,1,1,0,"D",0,1,0.372378854419948,0.359383488512031,0.274569896148136,2.68543712439766,2.78254297141012,3.64205986901229
2023-02-19,"Motherwell","Hearts","H",1,1,2,0,"D",0,2,0.373524780483391,0.304646064816684,0.318097469496895,2.67719854812809,3.28249767677693,3.1436905222214
2023-02-25,"Aberdeen","Livingston","H",1,0,1,0,"H",1,1,0.368211346762721,0.389915656344568,0.251230657906631,2.71583157008034,2.56465721170299,3.98040592789296
2023-02-25,"Kilmarnock","Motherwell","D",1,2,1,1,"A",-1,0,0.380939630979126,0.255822470021696,0.345735105340315,2.62508785822496,3.90896077234807,2.89238779792314
2023-02-25,"Ross County","Dundee United","H",4,1,4,0,"H",3,4,0.500813994178971,0.217166259257878,0.317546355419244,1.99674931536087,4.60476688882195,3.14914651966243
2023-02-25,"St Johnstone","St Mirren","D",1,1,1,1,"D",0,0,0.314203987999514,0.337737336315153,0.330820759605407,3.18264579124803,2.96088081617032,3.02278490984897
2023-03-04,"Dundee United","Aberdeen","A",1,1,1,3,"D",0,-2,0.403983219249536,0.283697698981586,0.315362484561857,2.47535034216931,3.52487878326045,3.17095421603281
2023-03-04,"Hearts","St Johnstone","H",2,1,3,0,"H",1,3,0.456856623373822,0.236428153569559,0.322194505013655,2.18887053144844,4.22961472608968,3.10371525410596
2023-03-04,"Livingston","Hibernian","A",1,2,1,4,"A",-1,-3,0.303722044738609,0.31849680617168,0.347437816762638,3.29248408972298,3.13974890994972,2.8782128822873
2023-03-04,"Rangers","Kilmarnock","H",3,0,3,1,"H",3,2,0.476635331745108,0.349914394497185,0.21643610328927,2.09804001801271,2.85784184853831,4.62030125659527
2023-03-04,"Ross County","Motherwell","A",1,1,0,2,"D",0,-2,0.40111326474071,0.267936069440084,0.328504296077215,2.49306140659902,3.73223359620726,3.04410022012299
2023-03-05,"St Mirren","Celtic","A",0,2,1,5,"A",-2,-4,0.266458361044582,0.344021876683942,0.350665850557855,3.75293158780889,2.9067918867227,2.85171766343701
2023-03-08,"Celtic","Hearts","H",1,1,3,1,"D",0,2,0.402684784928385,0.32859377219375,0.27989254908737,2.48333196939101,3.04327131133322,3.57279964493748
2023-03-08,"Hibernian","Rangers","A",1,4,1,4,"A",-3,-3,0.300861994687496,0.294375534179572,0.354570305605737,3.32378305554577,3.39702143653688,2.82031513691377
2023-03-08,"Livingston","Dundee United","D",1,1,1,1,"D",0,0,0.382070152107955,0.369920966029658,0.258660234756203,2.61732039124964,2.70328013773577,3.86607551385909
2023-03-18,"Aberdeen","Hearts","H",2,0,3,0,"H",2,3,0.431092582910234,0.347630444507107,0.244999979102415,2.3196873238903,2.87661801721038,4.08163300120927
2023-03-18,"Celtic","Hibernian","H",2,0,3,1,"H",2,2,0.43150566963462,0.347375349842614,0.244962427014523,2.31746665309579,2.87873045814296,4.08225870468173
2023-03-18,"Dundee United","St Mirren","D",1,1,1,1,"D",0,0,0.357719271428106,0.31541585912615,0.319940962837594,2.79548819387825,3.17041762823996,3.1255766411743
2023-03-18,"Kilmarnock","St Johnstone","D",1,1,1,1,"D",0,0,0.398726271803127,0.303484891491842,0.303134625179291,2.50798623195252,3.29505694693497,3.29886432276928
2023-03-18,"Livingston","Ross County","H",2,1,2,1,"H",1,1,0.424599883297364,0.32642895444929,0.267528439889572,2.35515844289496,3.06345373585831,3.7379203512448
2023-03-18,"Motherwell","Rangers","A",1,5,2,4,"A",-4,-2,0.321437975394472,0.263604983368184,0.352168536265782,3.11102009267196,3.79355498982837,2.83954952535935
2023-04-01,"Hibernian","Motherwell","A",1,1,1,3,"D",0,-2,0.371452942741796,0.293152054679561,0.327685148874834,2.69213104792959,3.41119901442643,3.0517098606198
2023-04-01,"Kilmarnock","Hearts","H",1,1,2,1,"D",0,1,0.411600541927406,0.273912665153754,0.318297412693769,2.42954004704972,3.65079869322097,3.1417157668262
2023-04-01,"Rangers","Dundee United","H",2,1,2,0,"H",1,2,0.443729360836622,0.304170644401936,0.274882635238588,2.25362594468522,3.28762823896505,3.63791622971031
2023-04-01,"St Johnstone","Aberdeen","A",1,1,0,1,"D",0,-1,0.388156224152962,0.34044265040291,0.279659405869363,2.576282274443,2.93735229359926,3.57577817521049
2023-04-01,"St Mirren","Livingston","H",2,1,3,0,"H",1,3,0.428439593918092,0.294008279620263,0.29246341909003,2.33405132064236,3.40126475788909,3.41923103788979
2023-04-02,"Ross County","Celtic","A",1,3,0,2,"A",-2,-2,0.317900517256857,0.284714982624855,0.354179086689252,3.14563816576624,3.51228442838084,2.82343039886309
2023-04-08,"Aberdeen","Kilmarnock","H",1,0,2,0,"H",1,2,0.396140652554167,0.383139601062069,0.237157200923416,2.52435591639579,2.61001472368814,4.2166124246125
2023-04-08,"Celtic","Rangers","H",2,1,3,2,"H",1,1,0.446132606195523,0.270179639356961,0.301694040273837,2.24148602032853,3.70124115340461,3.3146163546762
2023-04-08,"Hearts","St Mirren","A",1,1,0,2,"D",0,-2,0.388897946598841,0.314541702228317,0.300565760094754,2.57136868102707,3.1792286775193,3.32705894272437
2023-04-08,"Motherwell","Livingston","H",2,1,3,0,"H",1,3,0.432047765158225,0.271077605630815,0.308812075463447,2.31455889983317,3.68898049572534,3.23821534018467
2023-04-08,"St Johnstone","Ross County","A",1,1,0,2,"D",0,-2,0.30915880480568,0.376555228941146,0.305261684055522,3.23458360058205,2.65565293784911,3.27587788521182
2023-04-09,"Dundee United","Hibernian","H",1,1,2,1,"D",0,1,0.362576144807794,0.308668033007264,0.321892133604878,2.7580413502662,3.23972647979542,3.10663074863301
2023-04-14,"Ross County","Aberdeen","A",1,1,0,1,"D",0,-1,0.37946630846831,0.337533840968133,0.288025350981298,2.63528007015019,2.96266589783041,3.47191660939919
2023-04-15,"Hibernian","Hearts","H",1,1,1,0,"D",0,1,0.380704698848514,0.303070387341618,0.314814862325372,2.62670779484629,3.29956353958399,3.17647010885549
2023-04-15,"Livingston","St Johnstone","H",2,1,2,0,"H",1,2,0.418824658763122,0.295427160950689,0.297122762061079,2.38763401121895,3.38492912020001,3.36561222392793
2023-04-15,"Motherwell","Dundee United","A",2,1,1,2,"H",1,-1,0.44700474144347,0.224935130079953,0.334665049958377,2.23711273569671,4.44572619512369,2.988062243501
2023-04-15,"Rangers","St Mirren","H",5,1,5,2,"H",4,3,0.516553095259928,0.243927271287102,0.290254265625292,1.93590941410738,4.09958261215902,3.44525513809663
2023-04-16,"Kilmarnock","Celtic","A",1,2,1,4,"A",-1,-3,0.39531640164411,0.238693999593764,0.348324739046186,2.5296193020098,4.18946434222021,2.87088422929215
2023-04-22,"Celtic","Motherwell","D",1,1,1,1,"D",0,0,0.406910851293407,0.326516276901104,0.278864225697418,2.45754075326671,3.06263445574838,3.58597449170498
2023-04-22,"Dundee United","Livingston","H",1,1,2,0,"D",0,2,0.365865543616903,0.348531315858359,0.288263015623442,2.7332445414622,2.86918263725374,3.4690541130892
2023-04-22,"Hearts","Ross County","H",5,1,6,1,"H",4,5,0.511793550629749,0.279358695670298,0.262113796139026,1.95391285953003,3.57962725162566,3.81513684029663
2023-04-22,"St Johnstone","Hibernian","D",1,1,1,1,"D",0,0,0.3801542909043,0.308143785302981,0.31125943843712,2.63051088446544,3.24523825465684,3.21275398111989
2023-04-22,"St Mirren","Kilmarnock","A",1,1,0,2,"D",0,-2,0.310381857358009,0.347114468144575,0.326662263577144,3.22183779848496,2.88089403286841,3.06126575212396
2023-04-23,"Aberdeen","Rangers","H",1,1,2,0,"D",0,2,0.381327418807178,0.306795348100313,0.311559649966268,2.62241829640281,3.25950183466612,3.20965824717118
2023-05-06,"Hibernian","St Mirren","H",2,1,2,1,"H",1,1,0.443380753703683,0.252348439119049,0.317077688956479,2.25539785307937,3.96277465987509,3.15380121285436
2023-05-06,"Motherwell","Kilmarnock","H",2,1,2,0,"H",1,2,0.420203758080595,0.328808289414079,0.268288149991197,2.37979784989976,3.04128585621108,3.72733570242596
2023-05-06,"Ross County","Livingston","H",1,1,2,0,"D",0,2,0.352641549984644,0.364481501310056,0.284278258794414,2.83574071190291,2.74362346622723,3.51768019207963
2023-05-06,"St Johnstone","Dundee United","H",1,1,1,0,"D",0,1,0.367945844839106,0.366972093300981,0.271248814190733,2.71779125658363,2.72500284968488,3.68665206144214
2023-05-07,"Hearts","Celtic","A",1,1,0,2,"D",0,-2,0.306456861346188,0.357748151743134,0.321499910248254,3.26310200922653,2.79526251953359,3.11042077500994
2023-05-07,"Rangers","Aberdeen","H",2,1,1,0,"H",1,1,0.44336666899656,0.317678992156411,0.263528983332161,2.25546950171791,3.14783169391209,3.79464902628781
2023-05-13,"Aberdeen","Hibernian","D",1,1,0,0,"D",0,0,0.358156284366563,0.322643730422075,0.314216457844836,2.7920772122388,3.09939386918142,3.1825194862766
2023-05-13,"Dundee United","Ross County","A",2,2,1,3,"D",0,-2,0.434364598489377,0.209296249237453,0.34823479159466,2.30221340200784,4.77791648748311,2.87162576553805
2023-05-13,"Kilmarnock","Livingston","H",2,1,2,0,"H",1,2,0.448193901047555,0.271732859148137,0.299315335604453,2.23117717055658,3.68008493023231,3.34095811689885
2023-05-13,"Rangers","Celtic","H",2,1,3,0,"H",1,3,0.458291044741537,0.310844311275032,0.260824067258737,2.1820195080704,3.21704455808815,3.8340020171835
2023-05-13,"St Johnstone","Motherwell","A",0,1,0,2,"A",-1,-2,0.273656740047718,0.392349398915997,0.317504461370965,3.65421293780533,2.5487486479216,3.14956204294598
2023-05-13,"St Mirren","Hearts","D",1,2,2,2,"A",-1,0,0.412255841658157,0.244945637522882,0.337911142719884,2.42567818075747,4.0825385179868,2.95935787127613
2023-05-20,"Celtic","St Mirren","D",2,1,2,2,"H",1,0,0.424406351720732,0.33459246979293,0.26061670912285,2.35623240779869,2.98871041723943,3.83705251810473
2023-05-20,"Hearts","Aberdeen","H",3,1,2,1,"H",2,1,0.480387855480829,0.240636973520606,0.30801723153849,2.08165129195258,4.15563737097271,3.24657161226072
2023-05-20,"Kilmarnock","St Johnstone","A",1,2,0,1,"A",-1,-1,0.355063171369407,0.284973759879175,0.341708817441014,2.81640023701474,3.50909501430583,2.92646823540812
2023-05-20,"Livingston","Dundee United","H",2,1,2,1,"H",1,1,0.447180012035978,0.283725788986344,0.290062337491591,2.23623590743037,3.52452980595335,3.44753479078955
2023-05-20,"Motherwell","Ross County","H",2,1,1,0,"H",1,1,0.433559348052236,0.297336432805561,0.286646252944773,2.30648930646404,3.36319364083424,3.48862051998518
2023-05-21,"Hibernian","Rangers","A",1,2,1,3,"A",-1,-2,0.318559034539314,0.301544879274358,0.349145673519911,3.13913558108988,3.31625594971606,2.86413401580636
2023-05-24,"Aberdeen","St Mirren","H",2,1,3,0,"H",1,3,0.45338915286945,0.250513757835272,0.313332662695478,2.20561077315395,3.99179673260724,3.19149619256861
2023-05-24,"Dundee United","Kilmarnock","A",1,1,0,3,"D",0,-3,0.355841560413326,0.334595866415229,0.306441593749527,2.81023947522728,2.98868007759251,3.26326458417182
2023-05-24,"Hibernian","Celtic","H",2,1,4,2,"H",1,2,0.421633755759923,0.260036675809216,0.32294148627994,2.37172661424527,3.84561138111795,3.09653619149184
2023-05-24,"Livingston","Motherwell","D",1,1,1,1,"D",0,0,0.342432489724605,0.380008291693507,0.278567695206943,2.92028364716278,2.63152152692116,3.5897916994902
2023-05-24,"Rangers","Hearts","D",3,1,2,2,"H",2,0,0.462873625109434,0.28567194005534,0.279838930306289,2.16041689513758,3.50051881121499,3.57348421431385
2023-05-24,"Ross County","St Johnstone","D",2,2,3,3,"D",0,0,0.453774482079008,0.208243367614933,0.342031073834858,2.20373784664667,4.80207370565156,2.92371096224674
2023-05-27,"Celtic","Aberdeen","H",2,0,5,0,"H",2,5,0.461693575537235,0.385550394043657,0.192646269118275,2.16593873725962,2.59369466468958,5.19086097320707
2023-05-27,"Hearts","Hibernian","D",1,1,1,1,"D",0,0,0.350441160653024,0.30873967713091,0.329157925791138,2.85354607928066,3.23897468991647,3.03805535776323
2023-05-27,"St Mirren","Rangers","A",0,1,0,3,"A",-1,-3,0.259002528923316,0.394461091716893,0.325621379225708,3.8609661618249,2.53510427517071,3.07105142290684
2023-05-28,"Kilmarnock","Ross County","H",1,1,3,1,"D",0,2,0.407516462956675,0.324997774152635,0.279749734844964,2.45388859322308,3.07694415017855,3.57462358473439
2023-05-28,"Motherwell","Dundee United","H",1,2,3,2,"A",-1,1,0.405789910955568,0.228402972881809,0.349198494159162,2.46432938079994,4.37822672526012,2.86370077971816
2023-05-28,"St Johnstone","Livingston","H",1,1,2,0,"D",0,2,0.336426709340629,0.339094325434565,0.315852700510791,2.97241560267295,2.9490319506776,3.16603276901803
